,id,studyhours,attendance,marks
count,1000.0,1000.0,1000.0,1000.0
mean,500.5,5.4135,75.122,66.56179999999999
std,288.8194360957494,2.630701111555309,14.69220803613184,22.64320506234697
min,1.0,1.0,50.0,0.0
25%,250.75,3.1,62.0,52.3
50%,500.5,5.5,75.0,68.9
75%,750.25,7.7,88.0,84.2
max,1000.0,10.0,100.0,99.9
